"ITTER107","Territorio di residenza","TIPO_DATO15","Tipo dato","SEXISTAT1","Sesso","TIME","Seleziona periodo","Value","Flag Codes","Flags"
"IT","Italia","DEATH","morti","1","maschi","2017","2017",3008,,
"IT","Italia","DEATH","morti","1","maschi","2018","2018",2868,,
"IT","Italia","DEATH","morti","1","maschi","2019","2019",2860,,
"IT","Italia","DEATH","morti","2","femmine","2017","2017",853,,
"IT","Italia","DEATH","morti","2","femmine","2018","2018",862,,
"IT","Italia","DEATH","morti","2","femmine","2019","2019",820,,
"IT","Italia","DEATH","morti","9","totale","2017","2017",3861,,
"IT","Italia","DEATH","morti","9","totale","2018","2018",3730,,
"IT","Italia","DEATH","morti","9","totale","2019","2019",3680,,
"ITC","Nord-ovest","DEATH","morti","1","maschi","2017","2017",826,,
"ITC","Nord-ovest","DEATH","morti","1","maschi","2018","2018",814,,
"ITC","Nord-ovest","DEATH","morti","1","maschi","2019","2019",831,,
"ITC","Nord-ovest","DEATH","morti","2","femmine","2017","2017",267,,
"ITC","Nord-ovest","DEATH","morti","2","femmine","2018","2018",280,,
"ITC","Nord-ovest","DEATH","morti","2","femmine","2019","2019",244,,
"ITC","Nord-ovest","DEATH","morti","9","totale","2017","2017",1093,,
"ITC","Nord-ovest","DEATH","morti","9","totale","2018","2018",1094,,
"ITC","Nord-ovest","DEATH","morti","9","totale","2019","2019",1075,,
"ITC1","Piemonte","DEATH","morti","1","maschi","2017","2017",245,,
"ITC1","Piemonte","DEATH","morti","1","maschi","2018","2018",301,,
"ITC1","Piemonte","DEATH","morti","1","maschi","2019","2019",263,,
"ITC1","Piemonte","DEATH","morti","2","femmine","2017","2017",93,,
"ITC1","Piemonte","DEATH","morti","2","femmine","2018","2018",98,,
"ITC1","Piemonte","DEATH","morti","2","femmine","2019","2019",76,,
"ITC1","Piemonte","DEATH","morti","9","totale","2017","2017",338,,
"ITC1","Piemonte","DEATH","morti","9","totale","2018","2018",399,,
"ITC1","Piemonte","DEATH","morti","9","totale","2019","2019",339,,
"ITC2","Valle d'Aosta / Vallée d'Aoste","DEATH","morti","1","maschi","2017","2017",9,,
"ITC2","Valle d'Aosta / Vallée d'Aoste","DEATH","morti","1","maschi","2018","2018",16,,
"ITC2","Valle d'Aosta / Vallée d'Aoste","DEATH","morti","1","maschi","2019","2019",12,,
"ITC2","Valle d'Aosta / Vallée d'Aoste","DEATH","morti","2","femmine","2017","2017",2,,
"ITC2","Valle d'Aosta / Vallée d'Aoste","DEATH","morti","2","femmine","2018","2018",7,,
"ITC2","Valle d'Aosta / Vallée d'Aoste","DEATH","morti","2","femmine","2019","2019",4,,
"ITC2","Valle d'Aosta / Vallée d'Aoste","DEATH","morti","9","totale","2017","2017",11,,
"ITC2","Valle d'Aosta / Vallée d'Aoste","DEATH","morti","9","totale","2018","2018",23,,
"ITC2","Valle d'Aosta / Vallée d'Aoste","DEATH","morti","9","totale","2019","2019",16,,
"ITC3","Liguria","DEATH","morti","1","maschi","2017","2017",55,,
"ITC3","Liguria","DEATH","morti","1","maschi","2018","2018",62,,
"ITC3","Liguria","DEATH","morti","1","maschi","2019","2019",52,,
"ITC3","Liguria","DEATH","morti","2","femmine","2017","2017",20,,
"ITC3","Liguria","DEATH","morti","2","femmine","2018","2018",21,,
"ITC3","Liguria","DEATH","morti","2","femmine","2019","2019",17,,
"ITC3","Liguria","DEATH","morti","9","totale","2017","2017",75,,
"ITC3","Liguria","DEATH","morti","9","totale","2018","2018",83,,
"ITC3","Liguria","DEATH","morti","9","totale","2019","2019",69,,
"ITC4","Lombardia","DEATH","morti","1","maschi","2017","2017",517,,
"ITC4","Lombardia","DEATH","morti","1","maschi","2018","2018",435,,
"ITC4","Lombardia","DEATH","morti","1","maschi","2019","2019",504,,
"ITC4","Lombardia","DEATH","morti","2","femmine","2017","2017",152,,
"ITC4","Lombardia","DEATH","morti","2","femmine","2018","2018",154,,
"ITC4","Lombardia","DEATH","morti","2","femmine","2019","2019",147,,
"ITC4","Lombardia","DEATH","morti","9","totale","2017","2017",669,,
"ITC4","Lombardia","DEATH","morti","9","totale","2018","2018",589,,
"ITC4","Lombardia","DEATH","morti","9","totale","2019","2019",651,,
"ITD","Nord-est","DEATH","morti","1","maschi","2017","2017",763,,
"ITD","Nord-est","DEATH","morti","1","maschi","2018","2018",706,,
"ITD","Nord-est","DEATH","morti","1","maschi","2019","2019",663,,
"ITD","Nord-est","DEATH","morti","2","femmine","2017","2017",208,,
"ITD","Nord-est","DEATH","morti","2","femmine","2018","2018",227,,
"ITD","Nord-est","DEATH","morti","2","femmine","2019","2019",214,,
"ITD","Nord-est","DEATH","morti","9","totale","2017","2017",971,,
"ITD","Nord-est","DEATH","morti","9","totale","2018","2018",933,,
"ITD","Nord-est","DEATH","morti","9","totale","2019","2019",877,,
"ITDA","Trentino Alto Adige / Südtirol","DEATH","morti","1","maschi","2017","2017",69,,
"ITDA","Trentino Alto Adige / Südtirol","DEATH","morti","1","maschi","2018","2018",63,,
"ITDA","Trentino Alto Adige / Südtirol","DEATH","morti","1","maschi","2019","2019",76,,
"ITDA","Trentino Alto Adige / Südtirol","DEATH","morti","2","femmine","2017","2017",20,,
"ITDA","Trentino Alto Adige / Südtirol","DEATH","morti","2","femmine","2018","2018",22,,
"ITDA","Trentino Alto Adige / Südtirol","DEATH","morti","2","femmine","2019","2019",22,,
"ITDA","Trentino Alto Adige / Südtirol","DEATH","morti","9","totale","2017","2017",89,,
"ITDA","Trentino Alto Adige / Südtirol","DEATH","morti","9","totale","2018","2018",85,,
"ITDA","Trentino Alto Adige / Südtirol","DEATH","morti","9","totale","2019","2019",98,,
"ITD10","Bolzano / Bozen","DEATH","morti","1","maschi","2017","2017",26,,
"ITD10","Bolzano / Bozen","DEATH","morti","1","maschi","2018","2018",28,,
"ITD10","Bolzano / Bozen","DEATH","morti","1","maschi","2019","2019",39,,
"ITD10","Bolzano / Bozen","DEATH","morti","2","femmine","2017","2017",8,,
"ITD10","Bolzano / Bozen","DEATH","morti","2","femmine","2018","2018",11,,
"ITD10","Bolzano / Bozen","DEATH","morti","2","femmine","2019","2019",13,,
"ITD10","Bolzano / Bozen","DEATH","morti","9","totale","2017","2017",34,,
"ITD10","Bolzano / Bozen","DEATH","morti","9","totale","2018","2018",39,,
"ITD10","Bolzano / Bozen","DEATH","morti","9","totale","2019","2019",52,,
"ITD20","Trento","DEATH","morti","1","maschi","2017","2017",43,,
"ITD20","Trento","DEATH","morti","1","maschi","2018","2018",35,,
"ITD20","Trento","DEATH","morti","1","maschi","2019","2019",37,,
"ITD20","Trento","DEATH","morti","2","femmine","2017","2017",12,,
"ITD20","Trento","DEATH","morti","2","femmine","2018","2018",11,,
"ITD20","Trento","DEATH","morti","2","femmine","2019","2019",9,,
"ITD20","Trento","DEATH","morti","9","totale","2017","2017",55,,
"ITD20","Trento","DEATH","morti","9","totale","2018","2018",46,,
"ITD20","Trento","DEATH","morti","9","totale","2019","2019",46,,
"ITD3","Veneto","DEATH","morti","1","maschi","2017","2017",274,,
"ITD3","Veneto","DEATH","morti","1","maschi","2018","2018",288,,
"ITD3","Veneto","DEATH","morti","1","maschi","2019","2019",245,,
"ITD3","Veneto","DEATH","morti","2","femmine","2017","2017",67,,
"ITD3","Veneto","DEATH","morti","2","femmine","2018","2018",82,,
"ITD3","Veneto","DEATH","morti","2","femmine","2019","2019",79,,
"ITD3","Veneto","DEATH","morti","9","totale","2017","2017",341,,
"ITD3","Veneto","DEATH","morti","9","totale","2018","2018",370,,
"ITD3","Veneto","DEATH","morti","9","totale","2019","2019",324,,
"ITD4","Friuli-Venezia Giulia","DEATH","morti","1","maschi","2017","2017",91,,
"ITD4","Friuli-Venezia Giulia","DEATH","morti","1","maschi","2018","2018",94,,
"ITD4","Friuli-Venezia Giulia","DEATH","morti","1","maschi","2019","2019",72,,
"ITD4","Friuli-Venezia Giulia","DEATH","morti","2","femmine","2017","2017",28,,
"ITD4","Friuli-Venezia Giulia","DEATH","morti","2","femmine","2018","2018",33,,
"ITD4","Friuli-Venezia Giulia","DEATH","morti","2","femmine","2019","2019",22,,
"ITD4","Friuli-Venezia Giulia","DEATH","morti","9","totale","2017","2017",119,,
"ITD4","Friuli-Venezia Giulia","DEATH","morti","9","totale","2018","2018",127,,
"ITD4","Friuli-Venezia Giulia","DEATH","morti","9","totale","2019","2019",94,,
"ITD5","Emilia-Romagna","DEATH","morti","1","maschi","2017","2017",329,,
"ITD5","Emilia-Romagna","DEATH","morti","1","maschi","2018","2018",261,,
"ITD5","Emilia-Romagna","DEATH","morti","1","maschi","2019","2019",270,,
"ITD5","Emilia-Romagna","DEATH","morti","2","femmine","2017","2017",93,,
"ITD5","Emilia-Romagna","DEATH","morti","2","femmine","2018","2018",90,,
"ITD5","Emilia-Romagna","DEATH","morti","2","femmine","2019","2019",91,,
"ITD5","Emilia-Romagna","DEATH","morti","9","totale","2017","2017",422,,
"ITD5","Emilia-Romagna","DEATH","morti","9","totale","2018","2018",351,,
"ITD5","Emilia-Romagna","DEATH","morti","9","totale","2019","2019",361,,
"ITE","Centro","DEATH","morti","1","maschi","2017","2017",599,,
"ITE","Centro","DEATH","morti","1","maschi","2018","2018",563,,
"ITE","Centro","DEATH","morti","1","maschi","2019","2019",553,,
"ITE","Centro","DEATH","morti","2","femmine","2017","2017",167,,
"ITE","Centro","DEATH","morti","2","femmine","2018","2018",167,,
"ITE","Centro","DEATH","morti","2","femmine","2019","2019",173,,
"ITE","Centro","DEATH","morti","9","totale","2017","2017",766,,
"ITE","Centro","DEATH","morti","9","totale","2018","2018",730,,
"ITE","Centro","DEATH","morti","9","totale","2019","2019",726,,
"ITE1","Toscana","DEATH","morti","1","maschi","2017","2017",237,,
"ITE1","Toscana","DEATH","morti","1","maschi","2018","2018",204,,
"ITE1","Toscana","DEATH","morti","1","maschi","2019","2019",207,,
"ITE1","Toscana","DEATH","morti","2","femmine","2017","2017",61,,
"ITE1","Toscana","DEATH","morti","2","femmine","2018","2018",56,,
"ITE1","Toscana","DEATH","morti","2","femmine","2019","2019",62,,
"ITE1","Toscana","DEATH","morti","9","totale","2017","2017",298,,
"ITE1","Toscana","DEATH","morti","9","totale","2018","2018",260,,
"ITE1","Toscana","DEATH","morti","9","totale","2019","2019",269,,
"ITE2","Umbria","DEATH","morti","1","maschi","2017","2017",61,,
"ITE2","Umbria","DEATH","morti","1","maschi","2018","2018",56,,
"ITE2","Umbria","DEATH","morti","1","maschi","2019","2019",46,,
"ITE2","Umbria","DEATH","morti","2","femmine","2017","2017",10,,
"ITE2","Umbria","DEATH","morti","2","femmine","2018","2018",18,,
"ITE2","Umbria","DEATH","morti","2","femmine","2019","2019",15,,
"ITE2","Umbria","DEATH","morti","9","totale","2017","2017",71,,
"ITE2","Umbria","DEATH","morti","9","totale","2018","2018",74,,
"ITE2","Umbria","DEATH","morti","9","totale","2019","2019",61,,
"ITE3","Marche","DEATH","morti","1","maschi","2017","2017",89,,
"ITE3","Marche","DEATH","morti","1","maschi","2018","2018",81,,
"ITE3","Marche","DEATH","morti","1","maschi","2019","2019",90,,
"ITE3","Marche","DEATH","morti","2","femmine","2017","2017",28,,
"ITE3","Marche","DEATH","morti","2","femmine","2018","2018",30,,
"ITE3","Marche","DEATH","morti","2","femmine","2019","2019",30,,
"ITE3","Marche","DEATH","morti","9","totale","2017","2017",117,,
"ITE3","Marche","DEATH","morti","9","totale","2018","2018",111,,
"ITE3","Marche","DEATH","morti","9","totale","2019","2019",120,,
"ITE4","Lazio","DEATH","morti","1","maschi","2017","2017",212,,
"ITE4","Lazio","DEATH","morti","1","maschi","2018","2018",222,,
"ITE4","Lazio","DEATH","morti","1","maschi","2019","2019",210,,
"ITE4","Lazio","DEATH","morti","2","femmine","2017","2017",68,,
"ITE4","Lazio","DEATH","morti","2","femmine","2018","2018",63,,
"ITE4","Lazio","DEATH","morti","2","femmine","2019","2019",66,,
"ITE4","Lazio","DEATH","morti","9","totale","2017","2017",280,,
"ITE4","Lazio","DEATH","morti","9","totale","2018","2018",285,,
"ITE4","Lazio","DEATH","morti","9","totale","2019","2019",276,,
"ITF","Sud","DEATH","morti","1","maschi","2017","2017",487,,
"ITF","Sud","DEATH","morti","1","maschi","2018","2018",492,,
"ITF","Sud","DEATH","morti","1","maschi","2019","2019",473,,
"ITF","Sud","DEATH","morti","2","femmine","2017","2017",139,,
"ITF","Sud","DEATH","morti","2","femmine","2018","2018",104,,
"ITF","Sud","DEATH","morti","2","femmine","2019","2019",118,,
"ITF","Sud","DEATH","morti","9","totale","2017","2017",626,,
"ITF","Sud","DEATH","morti","9","totale","2018","2018",596,,
"ITF","Sud","DEATH","morti","9","totale","2019","2019",591,,
"ITF1","Abruzzo","DEATH","morti","1","maschi","2017","2017",72,,
"ITF1","Abruzzo","DEATH","morti","1","maschi","2018","2018",57,,
"ITF1","Abruzzo","DEATH","morti","1","maschi","2019","2019",62,,
"ITF1","Abruzzo","DEATH","morti","2","femmine","2017","2017",18,,
"ITF1","Abruzzo","DEATH","morti","2","femmine","2018","2018",14,,
"ITF1","Abruzzo","DEATH","morti","2","femmine","2019","2019",17,,
"ITF1","Abruzzo","DEATH","morti","9","totale","2017","2017",90,,
"ITF1","Abruzzo","DEATH","morti","9","totale","2018","2018",71,,
"ITF1","Abruzzo","DEATH","morti","9","totale","2019","2019",79,,
"ITF2","Molise","DEATH","morti","1","maschi","2017","2017",18,,
"ITF2","Molise","DEATH","morti","1","maschi","2018","2018",17,,
"ITF2","Molise","DEATH","morti","1","maschi","2019","2019",18,,
"ITF2","Molise","DEATH","morti","2","femmine","2017","2017",4,,
"ITF2","Molise","DEATH","morti","2","femmine","2018","2018",6,,
"ITF2","Molise","DEATH","morti","2","femmine","2019","2019",0,,
"ITF2","Molise","DEATH","morti","9","totale","2017","2017",22,,
"ITF2","Molise","DEATH","morti","9","totale","2018","2018",23,,
"ITF2","Molise","DEATH","morti","9","totale","2019","2019",18,,
"ITF3","Campania","DEATH","morti","1","maschi","2017","2017",146,,
"ITF3","Campania","DEATH","morti","1","maschi","2018","2018",145,,
"ITF3","Campania","DEATH","morti","1","maschi","2019","2019",133,,
"ITF3","Campania","DEATH","morti","2","femmine","2017","2017",42,,
"ITF3","Campania","DEATH","morti","2","femmine","2018","2018",34,,
"ITF3","Campania","DEATH","morti","2","femmine","2019","2019",40,,
"ITF3","Campania","DEATH","morti","9","totale","2017","2017",188,,
"ITF3","Campania","DEATH","morti","9","totale","2018","2018",179,,
"ITF3","Campania","DEATH","morti","9","totale","2019","2019",173,,
"ITF4","Puglia","DEATH","morti","1","maschi","2017","2017",148,,
"ITF4","Puglia","DEATH","morti","1","maschi","2018","2018",174,,
"ITF4","Puglia","DEATH","morti","1","maschi","2019","2019",148,,
"ITF4","Puglia","DEATH","morti","2","femmine","2017","2017",46,,
"ITF4","Puglia","DEATH","morti","2","femmine","2018","2018",28,,
"ITF4","Puglia","DEATH","morti","2","femmine","2019","2019",39,,
"ITF4","Puglia","DEATH","morti","9","totale","2017","2017",194,,
"ITF4","Puglia","DEATH","morti","9","totale","2018","2018",202,,
"ITF4","Puglia","DEATH","morti","9","totale","2019","2019",187,,
"ITF5","Basilicata","DEATH","morti","1","maschi","2017","2017",32,,
"ITF5","Basilicata","DEATH","morti","1","maschi","2018","2018",33,,
"ITF5","Basilicata","DEATH","morti","1","maschi","2019","2019",34,,
"ITF5","Basilicata","DEATH","morti","2","femmine","2017","2017",8,,
"ITF5","Basilicata","DEATH","morti","2","femmine","2018","2018",8,,
"ITF5","Basilicata","DEATH","morti","2","femmine","2019","2019",8,,
"ITF5","Basilicata","DEATH","morti","9","totale","2017","2017",40,,
"ITF5","Basilicata","DEATH","morti","9","totale","2018","2018",41,,
"ITF5","Basilicata","DEATH","morti","9","totale","2019","2019",42,,
"ITF6","Calabria","DEATH","morti","1","maschi","2017","2017",71,,
"ITF6","Calabria","DEATH","morti","1","maschi","2018","2018",66,,
"ITF6","Calabria","DEATH","morti","1","maschi","2019","2019",78,,
"ITF6","Calabria","DEATH","morti","2","femmine","2017","2017",21,,
"ITF6","Calabria","DEATH","morti","2","femmine","2018","2018",14,,
"ITF6","Calabria","DEATH","morti","2","femmine","2019","2019",14,,
"ITF6","Calabria","DEATH","morti","9","totale","2017","2017",92,,
"ITF6","Calabria","DEATH","morti","9","totale","2018","2018",80,,
"ITF6","Calabria","DEATH","morti","9","totale","2019","2019",92,,
"ITG","Isole","DEATH","morti","1","maschi","2017","2017",333,,
"ITG","Isole","DEATH","morti","1","maschi","2018","2018",293,,
"ITG","Isole","DEATH","morti","1","maschi","2019","2019",340,,
"ITG","Isole","DEATH","morti","2","femmine","2017","2017",72,,
"ITG","Isole","DEATH","morti","2","femmine","2018","2018",84,,
"ITG","Isole","DEATH","morti","2","femmine","2019","2019",71,,
"ITG","Isole","DEATH","morti","9","totale","2017","2017",405,,
"ITG","Isole","DEATH","morti","9","totale","2018","2018",377,,
"ITG","Isole","DEATH","morti","9","totale","2019","2019",411,,
"ITG1","Sicilia","DEATH","morti","1","maschi","2017","2017",194,,
"ITG1","Sicilia","DEATH","morti","1","maschi","2018","2018",175,,
"ITG1","Sicilia","DEATH","morti","1","maschi","2019","2019",213,,
"ITG1","Sicilia","DEATH","morti","2","femmine","2017","2017",43,,
"ITG1","Sicilia","DEATH","morti","2","femmine","2018","2018",50,,
"ITG1","Sicilia","DEATH","morti","2","femmine","2019","2019",47,,
"ITG1","Sicilia","DEATH","morti","9","totale","2017","2017",237,,
"ITG1","Sicilia","DEATH","morti","9","totale","2018","2018",225,,
"ITG1","Sicilia","DEATH","morti","9","totale","2019","2019",260,,
"ITG2","Sardegna","DEATH","morti","1","maschi","2017","2017",139,,
"ITG2","Sardegna","DEATH","morti","1","maschi","2018","2018",118,,
"ITG2","Sardegna","DEATH","morti","1","maschi","2019","2019",127,,
"ITG2","Sardegna","DEATH","morti","2","femmine","2017","2017",29,,
"ITG2","Sardegna","DEATH","morti","2","femmine","2018","2018",34,,
"ITG2","Sardegna","DEATH","morti","2","femmine","2019","2019",24,,
"ITG2","Sardegna","DEATH","morti","9","totale","2017","2017",168,,
"ITG2","Sardegna","DEATH","morti","9","totale","2018","2018",152,,
"ITG2","Sardegna","DEATH","morti","9","totale","2019","2019",151,,
"ITS","Estero","DEATH","morti","1","maschi","2017","2017",72,,
"ITS","Estero","DEATH","morti","1","maschi","2018","2018",60,,
"ITS","Estero","DEATH","morti","1","maschi","2019","2019",54,,
"ITS","Estero","DEATH","morti","2","femmine","2017","2017",11,,
"ITS","Estero","DEATH","morti","2","femmine","2018","2018",8,,
"ITS","Estero","DEATH","morti","2","femmine","2019","2019",11,,
"ITS","Estero","DEATH","morti","9","totale","2017","2017",83,,
"ITS","Estero","DEATH","morti","9","totale","2018","2018",68,,
"ITS","Estero","DEATH","morti","9","totale","2019","2019",65,,
"ITNI","Non indicato","DEATH","morti","1","maschi","2017","2017",11,,
"ITNI","Non indicato","DEATH","morti","1","maschi","2018","2018",18,,
"ITNI","Non indicato","DEATH","morti","1","maschi","2019","2019",13,,
"ITNI","Non indicato","DEATH","morti","2","femmine","2017","2017",4,,
"ITNI","Non indicato","DEATH","morti","2","femmine","2018","2018",4,,
"ITNI","Non indicato","DEATH","morti","2","femmine","2019","2019",1,,
"ITNI","Non indicato","DEATH","morti","9","totale","2017","2017",15,,
"ITNI","Non indicato","DEATH","morti","9","totale","2018","2018",22,,
"ITNI","Non indicato","DEATH","morti","9","totale","2019","2019",14,,
"ITTOT","Totale","DEATH","morti","1","maschi","2017","2017",3091,,
"ITTOT","Totale","DEATH","morti","1","maschi","2018","2018",2946,,
"ITTOT","Totale","DEATH","morti","1","maschi","2019","2019",2927,,
"ITTOT","Totale","DEATH","morti","2","femmine","2017","2017",868,,
"ITTOT","Totale","DEATH","morti","2","femmine","2018","2018",874,,
"ITTOT","Totale","DEATH","morti","2","femmine","2019","2019",832,,
"ITTOT","Totale","DEATH","morti","9","totale","2017","2017",3959,,
"ITTOT","Totale","DEATH","morti","9","totale","2018","2018",3820,,
"ITTOT","Totale","DEATH","morti","9","totale","2019","2019",3759,,
"ITC","Nord-ovest","MRATE","quoziente di mortalità (per 10.000 abitanti)","9","totale","2017","2017",0.78,,
"ITC","Nord-ovest","MRATE","quoziente di mortalità (per 10.000 abitanti)","9","totale","2018","2018",0.78,,
"ITC","Nord-ovest","MRATE","quoziente di mortalità (per 10.000 abitanti)","9","totale","2019","2019",0.77,,
"ITC1","Piemonte","MRATE","quoziente di mortalità (per 10.000 abitanti)","2","femmine","2017","2017",0.47,,
"ITC1","Piemonte","MRATE","quoziente di mortalità (per 10.000 abitanti)","2","femmine","2018","2018",0.49,,
"ITC1","Piemonte","MRATE","quoziente di mortalità (per 10.000 abitanti)","2","femmine","2019","2019",0.39,,
"ITC2","Valle d'Aosta / Vallée d'Aoste","MRATE","quoziente di mortalità (per 10.000 abitanti)","2","femmine","2017","2017",0.35,,
"ITC2","Valle d'Aosta / Vallée d'Aoste","MRATE","quoziente di mortalità (per 10.000 abitanti)","2","femmine","2018","2018",1.24,,
"ITC2","Valle d'Aosta / Vallée d'Aoste","MRATE","quoziente di mortalità (per 10.000 abitanti)","2","femmine","2019","2019",0.71,,
"IT","Italia","MRATE","quoziente di mortalità (per 10.000 abitanti)","9","totale","2017","2017",0.74,,
"IT","Italia","MRATE","quoziente di mortalità (per 10.000 abitanti)","9","totale","2018","2018",0.71,,
"IT","Italia","MRATE","quoziente di mortalità (per 10.000 abitanti)","9","totale","2019","2019",0.71,,
"IT","Italia","MRATE","quoziente di mortalità (per 10.000 abitanti)","1","maschi","2017","2017",1.19,,
"IT","Italia","MRATE","quoziente di mortalità (per 10.000 abitanti)","1","maschi","2018","2018",1.13,,
"IT","Italia","MRATE","quoziente di mortalità (per 10.000 abitanti)","1","maschi","2019","2019",1.14,,
"ITD","Nord-est","MRATE","quoziente di mortalità (per 10.000 abitanti)","9","totale","2017","2017",0.96,,
"ITD","Nord-est","MRATE","quoziente di mortalità (per 10.000 abitanti)","9","totale","2018","2018",0.92,,
"ITD","Nord-est","MRATE","quoziente di mortalità (per 10.000 abitanti)","9","totale","2019","2019",0.87,,
"ITDA","Trentino Alto Adige / Südtirol","MRATE","quoziente di mortalità (per 10.000 abitanti)","2","femmine","2017","2017",0.43,,
"ITDA","Trentino Alto Adige / Südtirol","MRATE","quoziente di mortalità (per 10.000 abitanti)","2","femmine","2018","2018",0.47,,
"ITDA","Trentino Alto Adige / Südtirol","MRATE","quoziente di mortalità (per 10.000 abitanti)","2","femmine","2019","2019",0.47,,
"ITD10","Bolzano / Bozen","MRATE","quoziente di mortalità (per 10.000 abitanti)","9","totale","2017","2017",0.77,,
"ITD10","Bolzano / Bozen","MRATE","quoziente di mortalità (per 10.000 abitanti)","9","totale","2018","2018",0.87,,
"ITD10","Bolzano / Bozen","MRATE","quoziente di mortalità (per 10.000 abitanti)","9","totale","2019","2019",1.16,,
"ITD20","Trento","MRATE","quoziente di mortalità (per 10.000 abitanti)","1","maschi","2017","2017",1.92,,
"ITD20","Trento","MRATE","quoziente di mortalità (per 10.000 abitanti)","1","maschi","2018","2018",1.56,,
"ITD20","Trento","MRATE","quoziente di mortalità (per 10.000 abitanti)","1","maschi","2019","2019",1.63,,
"ITD3","Veneto","MRATE","quoziente di mortalità (per 10.000 abitanti)","9","totale","2017","2017",0.8,,
"ITD3","Veneto","MRATE","quoziente di mortalità (per 10.000 abitanti)","9","totale","2018","2018",0.87,,
"ITD3","Veneto","MRATE","quoziente di mortalità (per 10.000 abitanti)","9","totale","2019","2019",0.76,,
"ITF2","Molise","MRATE","quoziente di mortalità (per 10.000 abitanti)","2","femmine","2017","2017",0.29,,
"ITF2","Molise","MRATE","quoziente di mortalità (per 10.000 abitanti)","2","femmine","2018","2018",0.43,,
"ITF2","Molise","MRATE","quoziente di mortalità (per 10.000 abitanti)","2","femmine","2019","2019",0,,
"ITF3","Campania","MRATE","quoziente di mortalità (per 10.000 abitanti)","2","femmine","2017","2017",0.16,,
"ITF3","Campania","MRATE","quoziente di mortalità (per 10.000 abitanti)","2","femmine","2018","2018",0.13,,
"ITF3","Campania","MRATE","quoziente di mortalità (per 10.000 abitanti)","2","femmine","2019","2019",0.16,,
"ITF4","Puglia","MRATE","quoziente di mortalità (per 10.000 abitanti)","2","femmine","2017","2017",0.25,,
"ITF4","Puglia","MRATE","quoziente di mortalità (per 10.000 abitanti)","2","femmine","2018","2018",0.15,,
"ITF4","Puglia","MRATE","quoziente di mortalità (per 10.000 abitanti)","2","femmine","2019","2019",0.22,,
"ITG2","Sardegna","MRATE","quoziente di mortalità (per 10.000 abitanti)","2","femmine","2017","2017",0.39,,
"ITG2","Sardegna","MRATE","quoziente di mortalità (per 10.000 abitanti)","2","femmine","2018","2018",0.46,,
"ITG2","Sardegna","MRATE","quoziente di mortalità (per 10.000 abitanti)","2","femmine","2019","2019",0.32,,
"ITE","Centro","MRATE","quoziente di mortalità (per 10.000 abitanti)","9","totale","2017","2017",0.73,,
"ITE","Centro","MRATE","quoziente di mortalità (per 10.000 abitanti)","9","totale","2018","2018",0.7,,
"ITE","Centro","MRATE","quoziente di mortalità (per 10.000 abitanti)","9","totale","2019","2019",0.7,,
"ITE1","Toscana","MRATE","quoziente di mortalità (per 10.000 abitanti)","2","femmine","2017","2017",0.36,,
"ITE1","Toscana","MRATE","quoziente di mortalità (per 10.000 abitanti)","2","femmine","2018","2018",0.33,,
"ITE1","Toscana","MRATE","quoziente di mortalità (per 10.000 abitanti)","2","femmine","2019","2019",0.37,,
"ITE4","Lazio","MRATE","quoziente di mortalità (per 10.000 abitanti)","9","totale","2017","2017",0.55,,
"ITE4","Lazio","MRATE","quoziente di mortalità (per 10.000 abitanti)","9","totale","2018","2018",0.56,,
"ITE4","Lazio","MRATE","quoziente di mortalità (per 10.000 abitanti)","9","totale","2019","2019",0.55,,
"ITF","Sud","MRATE","quoziente di mortalità (per 10.000 abitanti)","2","femmine","2017","2017",0.22,,
"ITF","Sud","MRATE","quoziente di mortalità (per 10.000 abitanti)","2","femmine","2018","2018",0.17,,
"ITF","Sud","MRATE","quoziente di mortalità (per 10.000 abitanti)","2","femmine","2019","2019",0.19,,
"ITF1","Abruzzo","MRATE","quoziente di mortalità (per 10.000 abitanti)","1","maschi","2017","2017",1.29,,
"ITF1","Abruzzo","MRATE","quoziente di mortalità (per 10.000 abitanti)","1","maschi","2018","2018",1.02,,
"ITF1","Abruzzo","MRATE","quoziente di mortalità (per 10.000 abitanti)","1","maschi","2019","2019",1.12,,
"ITG","Isole","MRATE","quoziente di mortalità (per 10.000 abitanti)","1","maschi","2017","2017",1.19,,
"ITG","Isole","MRATE","quoziente di mortalità (per 10.000 abitanti)","1","maschi","2018","2018",1.05,,
"ITG","Isole","MRATE","quoziente di mortalità (per 10.000 abitanti)","1","maschi","2019","2019",1.23,,
"ITG1","Sicilia","MRATE","quoziente di mortalità (per 10.000 abitanti)","9","totale","2017","2017",0.55,,
"ITG1","Sicilia","MRATE","quoziente di mortalità (per 10.000 abitanti)","9","totale","2018","2018",0.52,,
"ITG1","Sicilia","MRATE","quoziente di mortalità (per 10.000 abitanti)","9","totale","2019","2019",0.61,,
"ITC3","Liguria","MRATE","quoziente di mortalità (per 10.000 abitanti)","9","totale","2017","2017",0.54,,
"ITC3","Liguria","MRATE","quoziente di mortalità (per 10.000 abitanti)","9","totale","2018","2018",0.6,,
"ITC3","Liguria","MRATE","quoziente di mortalità (per 10.000 abitanti)","9","totale","2019","2019",0.5,,
"ITC4","Lombardia","MRATE","quoziente di mortalità (per 10.000 abitanti)","1","maschi","2017","2017",1.24,,
"ITC4","Lombardia","MRATE","quoziente di mortalità (per 10.000 abitanti)","1","maschi","2018","2018",1.03,,
"ITC4","Lombardia","MRATE","quoziente di mortalità (per 10.000 abitanti)","1","maschi","2019","2019",1.19,,
"ITD4","Friuli-Venezia Giulia","MRATE","quoziente di mortalità (per 10.000 abitanti)","1","maschi","2017","2017",1.77,,
"ITD4","Friuli-Venezia Giulia","MRATE","quoziente di mortalità (per 10.000 abitanti)","1","maschi","2018","2018",1.83,,
"ITD4","Friuli-Venezia Giulia","MRATE","quoziente di mortalità (per 10.000 abitanti)","1","maschi","2019","2019",1.4,,
"ITD5","Emilia-Romagna","MRATE","quoziente di mortalità (per 10.000 abitanti)","2","femmine","2017","2017",0.46,,
"ITD5","Emilia-Romagna","MRATE","quoziente di mortalità (per 10.000 abitanti)","2","femmine","2018","2018",0.45,,
"ITD5","Emilia-Romagna","MRATE","quoziente di mortalità (per 10.000 abitanti)","2","femmine","2019","2019",0.45,,
"ITE2","Umbria","MRATE","quoziente di mortalità (per 10.000 abitanti)","9","totale","2017","2017",0.92,,
"ITE2","Umbria","MRATE","quoziente di mortalità (per 10.000 abitanti)","9","totale","2018","2018",0.96,,
"ITE2","Umbria","MRATE","quoziente di mortalità (per 10.000 abitanti)","9","totale","2019","2019",0.79,,
"ITE3","Marche","MRATE","quoziente di mortalità (per 10.000 abitanti)","9","totale","2017","2017",0.88,,
"ITE3","Marche","MRATE","quoziente di mortalità (per 10.000 abitanti)","9","totale","2018","2018",0.83,,
"ITE3","Marche","MRATE","quoziente di mortalità (per 10.000 abitanti)","9","totale","2019","2019",0.9,,
"ITE4","Lazio","MRATE","quoziente di mortalità (per 10.000 abitanti)","1","maschi","2017","2017",0.87,,
"ITE4","Lazio","MRATE","quoziente di mortalità (per 10.000 abitanti)","1","maschi","2018","2018",0.91,,
"ITE4","Lazio","MRATE","quoziente di mortalità (per 10.000 abitanti)","1","maschi","2019","2019",0.87,,
"ITF5","Basilicata","MRATE","quoziente di mortalità (per 10.000 abitanti)","2","femmine","2017","2017",0.31,,
"ITF5","Basilicata","MRATE","quoziente di mortalità (per 10.000 abitanti)","2","femmine","2018","2018",0.31,,
"ITF5","Basilicata","MRATE","quoziente di mortalità (per 10.000 abitanti)","2","femmine","2019","2019",0.32,,
"ITF6","Calabria","MRATE","quoziente di mortalità (per 10.000 abitanti)","2","femmine","2017","2017",0.24,,
"ITF6","Calabria","MRATE","quoziente di mortalità (per 10.000 abitanti)","2","femmine","2018","2018",0.16,,
"ITF6","Calabria","MRATE","quoziente di mortalità (per 10.000 abitanti)","2","femmine","2019","2019",0.16,,
"ITC4","Lombardia","MRATE","quoziente di mortalità (per 10.000 abitanti)","2","femmine","2017","2017",0.34,,
"ITC4","Lombardia","MRATE","quoziente di mortalità (per 10.000 abitanti)","2","femmine","2018","2018",0.35,,
"ITC4","Lombardia","MRATE","quoziente di mortalità (per 10.000 abitanti)","2","femmine","2019","2019",0.33,,
"ITD5","Emilia-Romagna","MRATE","quoziente di mortalità (per 10.000 abitanti)","9","totale","2017","2017",1.09,,
"ITD5","Emilia-Romagna","MRATE","quoziente di mortalità (per 10.000 abitanti)","9","totale","2018","2018",0.91,,
"ITD5","Emilia-Romagna","MRATE","quoziente di mortalità (per 10.000 abitanti)","9","totale","2019","2019",0.93,,
"ITE4","Lazio","MRATE","quoziente di mortalità (per 10.000 abitanti)","2","femmine","2017","2017",0.26,,
"ITE4","Lazio","MRATE","quoziente di mortalità (per 10.000 abitanti)","2","femmine","2018","2018",0.24,,
"ITE4","Lazio","MRATE","quoziente di mortalità (per 10.000 abitanti)","2","femmine","2019","2019",0.25,,
"ITF","Sud","MRATE","quoziente di mortalità (per 10.000 abitanti)","1","maschi","2017","2017",0.83,,
"ITF","Sud","MRATE","quoziente di mortalità (per 10.000 abitanti)","1","maschi","2018","2018",0.84,,
"ITF","Sud","MRATE","quoziente di mortalità (per 10.000 abitanti)","1","maschi","2019","2019",0.82,,
"ITF5","Basilicata","MRATE","quoziente di mortalità (per 10.000 abitanti)","9","totale","2017","2017",0.8,,
"ITF5","Basilicata","MRATE","quoziente di mortalità (per 10.000 abitanti)","9","totale","2018","2018",0.82,,
"ITF5","Basilicata","MRATE","quoziente di mortalità (per 10.000 abitanti)","9","totale","2019","2019",0.85,,
"ITF6","Calabria","MRATE","quoziente di mortalità (per 10.000 abitanti)","9","totale","2017","2017",0.54,,
"ITF6","Calabria","MRATE","quoziente di mortalità (per 10.000 abitanti)","9","totale","2018","2018",0.47,,
"ITF6","Calabria","MRATE","quoziente di mortalità (per 10.000 abitanti)","9","totale","2019","2019",0.55,,
"ITG","Isole","MRATE","quoziente di mortalità (per 10.000 abitanti)","9","totale","2017","2017",0.7,,
"ITG","Isole","MRATE","quoziente di mortalità (per 10.000 abitanti)","9","totale","2018","2018",0.65,,
"ITG","Isole","MRATE","quoziente di mortalità (per 10.000 abitanti)","9","totale","2019","2019",0.72,,
"ITG1","Sicilia","MRATE","quoziente di mortalità (per 10.000 abitanti)","2","femmine","2017","2017",0.19,,
"ITG1","Sicilia","MRATE","quoziente di mortalità (per 10.000 abitanti)","2","femmine","2018","2018",0.22,,
"ITG1","Sicilia","MRATE","quoziente di mortalità (per 10.000 abitanti)","2","femmine","2019","2019",0.21,,
"IT","Italia","MRATE","quoziente di mortalità (per 10.000 abitanti)","2","femmine","2017","2017",0.31,,
"IT","Italia","MRATE","quoziente di mortalità (per 10.000 abitanti)","2","femmine","2018","2018",0.32,,
"IT","Italia","MRATE","quoziente di mortalità (per 10.000 abitanti)","2","femmine","2019","2019",0.3,,
"ITC","Nord-ovest","MRATE","quoziente di mortalità (per 10.000 abitanti)","2","femmine","2017","2017",0.37,,
"ITC","Nord-ovest","MRATE","quoziente di mortalità (per 10.000 abitanti)","2","femmine","2018","2018",0.39,,
"ITC","Nord-ovest","MRATE","quoziente di mortalità (per 10.000 abitanti)","2","femmine","2019","2019",0.34,,
"ITC1","Piemonte","MRATE","quoziente di mortalità (per 10.000 abitanti)","1","maschi","2017","2017",1.33,,
"ITC1","Piemonte","MRATE","quoziente di mortalità (per 10.000 abitanti)","1","maschi","2018","2018",1.64,,
"ITC1","Piemonte","MRATE","quoziente di mortalità (per 10.000 abitanti)","1","maschi","2019","2019",1.44,,
"ITD","Nord-est","MRATE","quoziente di mortalità (per 10.000 abitanti)","2","femmine","2017","2017",0.4,,
"ITD","Nord-est","MRATE","quoziente di mortalità (per 10.000 abitanti)","2","femmine","2018","2018",0.44,,
"ITD","Nord-est","MRATE","quoziente di mortalità (per 10.000 abitanti)","2","femmine","2019","2019",0.41,,
"ITC","Nord-ovest","MRATE","quoziente di mortalità (per 10.000 abitanti)","1","maschi","2017","2017",1.23,,
"ITC","Nord-ovest","MRATE","quoziente di mortalità (per 10.000 abitanti)","1","maschi","2018","2018",1.21,,
"ITC","Nord-ovest","MRATE","quoziente di mortalità (per 10.000 abitanti)","1","maschi","2019","2019",1.23,,
"ITC1","Piemonte","MRATE","quoziente di mortalità (per 10.000 abitanti)","9","totale","2017","2017",0.88,,
"ITC1","Piemonte","MRATE","quoziente di mortalità (per 10.000 abitanti)","9","totale","2018","2018",1.04,,
"ITC1","Piemonte","MRATE","quoziente di mortalità (per 10.000 abitanti)","9","totale","2019","2019",0.89,,
"ITD","Nord-est","MRATE","quoziente di mortalità (per 10.000 abitanti)","1","maschi","2017","2017",1.57,,
"ITD","Nord-est","MRATE","quoziente di mortalità (per 10.000 abitanti)","1","maschi","2018","2018",1.45,,
"ITD","Nord-est","MRATE","quoziente di mortalità (per 10.000 abitanti)","1","maschi","2019","2019",1.35,,
"ITDA","Trentino Alto Adige / Südtirol","MRATE","quoziente di mortalità (per 10.000 abitanti)","9","totale","2017","2017",0.99,,
"ITDA","Trentino Alto Adige / Südtirol","MRATE","quoziente di mortalità (per 10.000 abitanti)","9","totale","2018","2018",0.94,,
"ITDA","Trentino Alto Adige / Südtirol","MRATE","quoziente di mortalità (per 10.000 abitanti)","9","totale","2019","2019",1.07,,
"ITD10","Bolzano / Bozen","MRATE","quoziente di mortalità (per 10.000 abitanti)","1","maschi","2017","2017",1.2,,
"ITD10","Bolzano / Bozen","MRATE","quoziente di mortalità (per 10.000 abitanti)","1","maschi","2018","2018",1.28,,
"ITD10","Bolzano / Bozen","MRATE","quoziente di mortalità (per 10.000 abitanti)","1","maschi","2019","2019",1.77,,
"ITE","Centro","MRATE","quoziente di mortalità (per 10.000 abitanti)","1","maschi","2017","2017",1.2,,
"ITE","Centro","MRATE","quoziente di mortalità (per 10.000 abitanti)","1","maschi","2018","2018",1.12,,
"ITE","Centro","MRATE","quoziente di mortalità (per 10.000 abitanti)","1","maschi","2019","2019",1.11,,
"ITE1","Toscana","MRATE","quoziente di mortalità (per 10.000 abitanti)","9","totale","2017","2017",0.91,,
"ITE1","Toscana","MRATE","quoziente di mortalità (per 10.000 abitanti)","9","totale","2018","2018",0.8,,
"ITE1","Toscana","MRATE","quoziente di mortalità (per 10.000 abitanti)","9","totale","2019","2019",0.83,,
"ITF","Sud","MRATE","quoziente di mortalità (per 10.000 abitanti)","9","totale","2017","2017",0.52,,
"ITF","Sud","MRATE","quoziente di mortalità (per 10.000 abitanti)","9","totale","2018","2018",0.49,,
"ITF","Sud","MRATE","quoziente di mortalità (per 10.000 abitanti)","9","totale","2019","2019",0.49,,
"ITF1","Abruzzo","MRATE","quoziente di mortalità (per 10.000 abitanti)","2","femmine","2017","2017",0.3,,
"ITF1","Abruzzo","MRATE","quoziente di mortalità (per 10.000 abitanti)","2","femmine","2018","2018",0.24,,
"ITF1","Abruzzo","MRATE","quoziente di mortalità (per 10.000 abitanti)","2","femmine","2019","2019",0.29,,
"ITF2","Molise","MRATE","quoziente di mortalità (per 10.000 abitanti)","9","totale","2017","2017",0.8,,
"ITF2","Molise","MRATE","quoziente di mortalità (per 10.000 abitanti)","9","totale","2018","2018",0.85,,
"ITF2","Molise","MRATE","quoziente di mortalità (per 10.000 abitanti)","9","totale","2019","2019",0.67,,
"ITG","Isole","MRATE","quoziente di mortalità (per 10.000 abitanti)","2","femmine","2017","2017",0.24,,
"ITG","Isole","MRATE","quoziente di mortalità (per 10.000 abitanti)","2","femmine","2018","2018",0.28,,
"ITG","Isole","MRATE","quoziente di mortalità (per 10.000 abitanti)","2","femmine","2019","2019",0.24,,
"ITG1","Sicilia","MRATE","quoziente di mortalità (per 10.000 abitanti)","1","maschi","2017","2017",0.93,,
"ITG1","Sicilia","MRATE","quoziente di mortalità (per 10.000 abitanti)","1","maschi","2018","2018",0.84,,
"ITG1","Sicilia","MRATE","quoziente di mortalità (per 10.000 abitanti)","1","maschi","2019","2019",1.04,,
"ITC2","Valle d'Aosta / Vallée d'Aoste","MRATE","quoziente di mortalità (per 10.000 abitanti)","9","totale","2017","2017",1,,
"ITC2","Valle d'Aosta / Vallée d'Aoste","MRATE","quoziente di mortalità (per 10.000 abitanti)","9","totale","2018","2018",2.11,,
"ITC2","Valle d'Aosta / Vallée d'Aoste","MRATE","quoziente di mortalità (per 10.000 abitanti)","9","totale","2019","2019",1.47,,
"ITC3","Liguria","MRATE","quoziente di mortalità (per 10.000 abitanti)","1","maschi","2017","2017",0.84,,
"ITC3","Liguria","MRATE","quoziente di mortalità (per 10.000 abitanti)","1","maschi","2018","2018",0.95,,
"ITC3","Liguria","MRATE","quoziente di mortalità (per 10.000 abitanti)","1","maschi","2019","2019",0.8,,
"ITD20","Trento","MRATE","quoziente di mortalità (per 10.000 abitanti)","2","femmine","2017","2017",0.51,,
"ITD20","Trento","MRATE","quoziente di mortalità (per 10.000 abitanti)","2","femmine","2018","2018",0.46,,
"ITD20","Trento","MRATE","quoziente di mortalità (per 10.000 abitanti)","2","femmine","2019","2019",0.38,,
"ITD3","Veneto","MRATE","quoziente di mortalità (per 10.000 abitanti)","1","maschi","2017","2017",1.33,,
"ITD3","Veneto","MRATE","quoziente di mortalità (per 10.000 abitanti)","1","maschi","2018","2018",1.4,,
"ITD3","Veneto","MRATE","quoziente di mortalità (per 10.000 abitanti)","1","maschi","2019","2019",1.19,,
"ITD4","Friuli-Venezia Giulia","MRATE","quoziente di mortalità (per 10.000 abitanti)","2","femmine","2017","2017",0.5,,
"ITD4","Friuli-Venezia Giulia","MRATE","quoziente di mortalità (per 10.000 abitanti)","2","femmine","2018","2018",0.6,,
"ITD4","Friuli-Venezia Giulia","MRATE","quoziente di mortalità (per 10.000 abitanti)","2","femmine","2019","2019",0.4,,
"ITE2","Umbria","MRATE","quoziente di mortalità (per 10.000 abitanti)","1","maschi","2017","2017",1.66,,
"ITE2","Umbria","MRATE","quoziente di mortalità (per 10.000 abitanti)","1","maschi","2018","2018",1.52,,
"ITE2","Umbria","MRATE","quoziente di mortalità (per 10.000 abitanti)","1","maschi","2019","2019",1.25,,
"ITE3","Marche","MRATE","quoziente di mortalità (per 10.000 abitanti)","1","maschi","2017","2017",1.38,,
"ITE3","Marche","MRATE","quoziente di mortalità (per 10.000 abitanti)","1","maschi","2018","2018",1.26,,
"ITE3","Marche","MRATE","quoziente di mortalità (per 10.000 abitanti)","1","maschi","2019","2019",1.41,,
"ITF3","Campania","MRATE","quoziente di mortalità (per 10.000 abitanti)","9","totale","2017","2017",0.38,,
"ITF3","Campania","MRATE","quoziente di mortalità (per 10.000 abitanti)","9","totale","2018","2018",0.36,,
"ITF3","Campania","MRATE","quoziente di mortalità (per 10.000 abitanti)","9","totale","2019","2019",0.35,,
"ITF4","Puglia","MRATE","quoziente di mortalità (per 10.000 abitanti)","9","totale","2017","2017",0.55,,
"ITF4","Puglia","MRATE","quoziente di mortalità (per 10.000 abitanti)","9","totale","2018","2018",0.58,,
"ITF4","Puglia","MRATE","quoziente di mortalità (per 10.000 abitanti)","9","totale","2019","2019",0.54,,
"ITG2","Sardegna","MRATE","quoziente di mortalità (per 10.000 abitanti)","9","totale","2017","2017",1.15,,
"ITG2","Sardegna","MRATE","quoziente di mortalità (per 10.000 abitanti)","9","totale","2018","2018",1.04,,
"ITG2","Sardegna","MRATE","quoziente di mortalità (per 10.000 abitanti)","9","totale","2019","2019",1.04,,
"ITDA","Trentino Alto Adige / Südtirol","MRATE","quoziente di mortalità (per 10.000 abitanti)","1","maschi","2017","2017",1.57,,
"ITDA","Trentino Alto Adige / Südtirol","MRATE","quoziente di mortalità (per 10.000 abitanti)","1","maschi","2018","2018",1.42,,
"ITDA","Trentino Alto Adige / Südtirol","MRATE","quoziente di mortalità (per 10.000 abitanti)","1","maschi","2019","2019",1.7,,
"ITD10","Bolzano / Bozen","MRATE","quoziente di mortalità (per 10.000 abitanti)","2","femmine","2017","2017",0.35,,
"ITD10","Bolzano / Bozen","MRATE","quoziente di mortalità (per 10.000 abitanti)","2","femmine","2018","2018",0.48,,
"ITD10","Bolzano / Bozen","MRATE","quoziente di mortalità (per 10.000 abitanti)","2","femmine","2019","2019",0.57,,
"ITD20","Trento","MRATE","quoziente di mortalità (per 10.000 abitanti)","9","totale","2017","2017",1.19,,
"ITD20","Trento","MRATE","quoziente di mortalità (per 10.000 abitanti)","9","totale","2018","2018",0.99,,
"ITD20","Trento","MRATE","quoziente di mortalità (per 10.000 abitanti)","9","totale","2019","2019",0.99,,
"ITD3","Veneto","MRATE","quoziente di mortalità (per 10.000 abitanti)","2","femmine","2017","2017",0.31,,
"ITD3","Veneto","MRATE","quoziente di mortalità (per 10.000 abitanti)","2","femmine","2018","2018",0.37,,
"ITD3","Veneto","MRATE","quoziente di mortalità (per 10.000 abitanti)","2","femmine","2019","2019",0.36,,
"ITE","Centro","MRATE","quoziente di mortalità (per 10.000 abitanti)","2","femmine","2017","2017",0.31,,
"ITE","Centro","MRATE","quoziente di mortalità (per 10.000 abitanti)","2","femmine","2018","2018",0.31,,
"ITE","Centro","MRATE","quoziente di mortalità (per 10.000 abitanti)","2","femmine","2019","2019",0.32,,
"ITE1","Toscana","MRATE","quoziente di mortalità (per 10.000 abitanti)","1","maschi","2017","2017",1.52,,
"ITE1","Toscana","MRATE","quoziente di mortalità (per 10.000 abitanti)","1","maschi","2018","2018",1.31,,
"ITE1","Toscana","MRATE","quoziente di mortalità (per 10.000 abitanti)","1","maschi","2019","2019",1.33,,
"ITF1","Abruzzo","MRATE","quoziente di mortalità (per 10.000 abitanti)","9","totale","2017","2017",0.78,,
"ITF1","Abruzzo","MRATE","quoziente di mortalità (per 10.000 abitanti)","9","totale","2018","2018",0.62,,
"ITF1","Abruzzo","MRATE","quoziente di mortalità (per 10.000 abitanti)","9","totale","2019","2019",0.69,,
"ITF2","Molise","MRATE","quoziente di mortalità (per 10.000 abitanti)","1","maschi","2017","2017",1.34,,
"ITF2","Molise","MRATE","quoziente di mortalità (per 10.000 abitanti)","1","maschi","2018","2018",1.28,,
"ITF2","Molise","MRATE","quoziente di mortalità (per 10.000 abitanti)","1","maschi","2019","2019",1.37,,
"ITF3","Campania","MRATE","quoziente di mortalità (per 10.000 abitanti)","1","maschi","2017","2017",0.61,,
"ITF3","Campania","MRATE","quoziente di mortalità (per 10.000 abitanti)","1","maschi","2018","2018",0.6,,
"ITF3","Campania","MRATE","quoziente di mortalità (per 10.000 abitanti)","1","maschi","2019","2019",0.56,,
"ITG2","Sardegna","MRATE","quoziente di mortalità (per 10.000 abitanti)","1","maschi","2017","2017",1.95,,
"ITG2","Sardegna","MRATE","quoziente di mortalità (per 10.000 abitanti)","1","maschi","2018","2018",1.66,,
"ITG2","Sardegna","MRATE","quoziente di mortalità (per 10.000 abitanti)","1","maschi","2019","2019",1.8,,
"ITC2","Valle d'Aosta / Vallée d'Aoste","MRATE","quoziente di mortalità (per 10.000 abitanti)","1","maschi","2017","2017",1.7,,
"ITC2","Valle d'Aosta / Vallée d'Aoste","MRATE","quoziente di mortalità (per 10.000 abitanti)","1","maschi","2018","2018",3.02,,
"ITC2","Valle d'Aosta / Vallée d'Aoste","MRATE","quoziente di mortalità (per 10.000 abitanti)","1","maschi","2019","2019",2.27,,
"ITC3","Liguria","MRATE","quoziente di mortalità (per 10.000 abitanti)","2","femmine","2017","2017",0.27,,
"ITC3","Liguria","MRATE","quoziente di mortalità (per 10.000 abitanti)","2","femmine","2018","2018",0.29,,
"ITC3","Liguria","MRATE","quoziente di mortalità (per 10.000 abitanti)","2","femmine","2019","2019",0.24,,
"ITC4","Lombardia","MRATE","quoziente di mortalità (per 10.000 abitanti)","9","totale","2017","2017",0.77,,
"ITC4","Lombardia","MRATE","quoziente di mortalità (per 10.000 abitanti)","9","totale","2018","2018",0.68,,
"ITC4","Lombardia","MRATE","quoziente di mortalità (per 10.000 abitanti)","9","totale","2019","2019",0.75,,
"ITD4","Friuli-Venezia Giulia","MRATE","quoziente di mortalità (per 10.000 abitanti)","9","totale","2017","2017",1.11,,
"ITD4","Friuli-Venezia Giulia","MRATE","quoziente di mortalità (per 10.000 abitanti)","9","totale","2018","2018",1.19,,
"ITD4","Friuli-Venezia Giulia","MRATE","quoziente di mortalità (per 10.000 abitanti)","9","totale","2019","2019",0.88,,
"ITD5","Emilia-Romagna","MRATE","quoziente di mortalità (per 10.000 abitanti)","1","maschi","2017","2017",1.77,,
"ITD5","Emilia-Romagna","MRATE","quoziente di mortalità (per 10.000 abitanti)","1","maschi","2018","2018",1.4,,
"ITD5","Emilia-Romagna","MRATE","quoziente di mortalità (per 10.000 abitanti)","1","maschi","2019","2019",1.44,,
"ITE2","Umbria","MRATE","quoziente di mortalità (per 10.000 abitanti)","2","femmine","2017","2017",0.25,,
"ITE2","Umbria","MRATE","quoziente di mortalità (per 10.000 abitanti)","2","femmine","2018","2018",0.45,,
"ITE2","Umbria","MRATE","quoziente di mortalità (per 10.000 abitanti)","2","femmine","2019","2019",0.37,,
"ITE3","Marche","MRATE","quoziente di mortalità (per 10.000 abitanti)","2","femmine","2017","2017",0.4,,
"ITE3","Marche","MRATE","quoziente di mortalità (per 10.000 abitanti)","2","femmine","2018","2018",0.43,,
"ITE3","Marche","MRATE","quoziente di mortalità (per 10.000 abitanti)","2","femmine","2019","2019",0.44,,
"ITF4","Puglia","MRATE","quoziente di mortalità (per 10.000 abitanti)","1","maschi","2017","2017",0.88,,
"ITF4","Puglia","MRATE","quoziente di mortalità (per 10.000 abitanti)","1","maschi","2018","2018",1.03,,
"ITF4","Puglia","MRATE","quoziente di mortalità (per 10.000 abitanti)","1","maschi","2019","2019",0.88,,
"ITF5","Basilicata","MRATE","quoziente di mortalità (per 10.000 abitanti)","1","maschi","2017","2017",1.31,,
"ITF5","Basilicata","MRATE","quoziente di mortalità (per 10.000 abitanti)","1","maschi","2018","2018",1.36,,
"ITF5","Basilicata","MRATE","quoziente di mortalità (per 10.000 abitanti)","1","maschi","2019","2019",1.41,,
"ITF6","Calabria","MRATE","quoziente di mortalità (per 10.000 abitanti)","1","maschi","2017","2017",0.86,,
"ITF6","Calabria","MRATE","quoziente di mortalità (per 10.000 abitanti)","1","maschi","2018","2018",0.8,,
"ITF6","Calabria","MRATE","quoziente di mortalità (per 10.000 abitanti)","1","maschi","2019","2019",0.96,,
"IT","Italia","STMRATE","tasso standardizzato di mortalità (per 10.000 abitanti)","1","maschi","2017","2017",1.18,,
"IT","Italia","STMRATE","tasso standardizzato di mortalità (per 10.000 abitanti)","1","maschi","2018","2018",1.11,,
"IT","Italia","STMRATE","tasso standardizzato di mortalità (per 10.000 abitanti)","1","maschi","2019","2019",1.11,,
"IT","Italia","STMRATE","tasso standardizzato di mortalità (per 10.000 abitanti)","2","femmine","2017","2017",0.3,,
"IT","Italia","STMRATE","tasso standardizzato di mortalità (per 10.000 abitanti)","2","femmine","2018","2018",0.3,,
"IT","Italia","STMRATE","tasso standardizzato di mortalità (per 10.000 abitanti)","2","femmine","2019","2019",0.29,,
"IT","Italia","STMRATE","tasso standardizzato di mortalità (per 10.000 abitanti)","9","totale","2017","2017",0.71,,
"IT","Italia","STMRATE","tasso standardizzato di mortalità (per 10.000 abitanti)","9","totale","2018","2018",0.68,,
"IT","Italia","STMRATE","tasso standardizzato di mortalità (per 10.000 abitanti)","9","totale","2019","2019",0.67,,
"ITC","Nord-ovest","STMRATE","tasso standardizzato di mortalità (per 10.000 abitanti)","1","maschi","2017","2017",1.19,,
"ITC","Nord-ovest","STMRATE","tasso standardizzato di mortalità (per 10.000 abitanti)","1","maschi","2018","2018",1.17,,
"ITC","Nord-ovest","STMRATE","tasso standardizzato di mortalità (per 10.000 abitanti)","1","maschi","2019","2019",1.2,,
"ITC","Nord-ovest","STMRATE","tasso standardizzato di mortalità (per 10.000 abitanti)","2","femmine","2017","2017",0.34,,
"ITC","Nord-ovest","STMRATE","tasso standardizzato di mortalità (per 10.000 abitanti)","2","femmine","2018","2018",0.37,,
"ITC","Nord-ovest","STMRATE","tasso standardizzato di mortalità (per 10.000 abitanti)","2","femmine","2019","2019",0.32,,
"ITC","Nord-ovest","STMRATE","tasso standardizzato di mortalità (per 10.000 abitanti)","9","totale","2017","2017",0.74,,
"ITC","Nord-ovest","STMRATE","tasso standardizzato di mortalità (per 10.000 abitanti)","9","totale","2018","2018",0.74,,
"ITC","Nord-ovest","STMRATE","tasso standardizzato di mortalità (per 10.000 abitanti)","9","totale","2019","2019",0.73,,
"ITC1","Piemonte","STMRATE","tasso standardizzato di mortalità (per 10.000 abitanti)","1","maschi","2017","2017",1.26,,
"ITC1","Piemonte","STMRATE","tasso standardizzato di mortalità (per 10.000 abitanti)","1","maschi","2018","2018",1.54,,
"ITC1","Piemonte","STMRATE","tasso standardizzato di mortalità (per 10.000 abitanti)","1","maschi","2019","2019",1.37,,
"ITC1","Piemonte","STMRATE","tasso standardizzato di mortalità (per 10.000 abitanti)","2","femmine","2017","2017",0.42,,
"ITC1","Piemonte","STMRATE","tasso standardizzato di mortalità (per 10.000 abitanti)","2","femmine","2018","2018",0.46,,
"ITC1","Piemonte","STMRATE","tasso standardizzato di mortalità (per 10.000 abitanti)","2","femmine","2019","2019",0.34,,
"ITC1","Piemonte","STMRATE","tasso standardizzato di mortalità (per 10.000 abitanti)","9","totale","2017","2017",0.81,,
"ITC1","Piemonte","STMRATE","tasso standardizzato di mortalità (per 10.000 abitanti)","9","totale","2018","2018",0.95,,
"ITC1","Piemonte","STMRATE","tasso standardizzato di mortalità (per 10.000 abitanti)","9","totale","2019","2019",0.82,,
"ITC2","Valle d'Aosta / Vallée d'Aoste","STMRATE","tasso standardizzato di mortalità (per 10.000 abitanti)","1","maschi","2017","2017",1.71,,
"ITC2","Valle d'Aosta / Vallée d'Aoste","STMRATE","tasso standardizzato di mortalità (per 10.000 abitanti)","1","maschi","2018","2018",3.03,,
"ITC2","Valle d'Aosta / Vallée d'Aoste","STMRATE","tasso standardizzato di mortalità (per 10.000 abitanti)","1","maschi","2019","2019",2.3,,
"ITC2","Valle d'Aosta / Vallée d'Aoste","STMRATE","tasso standardizzato di mortalità (per 10.000 abitanti)","2","femmine","2017","2017",0.19,,
"ITC2","Valle d'Aosta / Vallée d'Aoste","STMRATE","tasso standardizzato di mortalità (per 10.000 abitanti)","2","femmine","2018","2018",1.14,,
"ITC2","Valle d'Aosta / Vallée d'Aoste","STMRATE","tasso standardizzato di mortalità (per 10.000 abitanti)","2","femmine","2019","2019",0.59,,
"ITC2","Valle d'Aosta / Vallée d'Aoste","STMRATE","tasso standardizzato di mortalità (per 10.000 abitanti)","9","totale","2017","2017",0.94,,
"ITC2","Valle d'Aosta / Vallée d'Aoste","STMRATE","tasso standardizzato di mortalità (per 10.000 abitanti)","9","totale","2018","2018",2,,
"ITC2","Valle d'Aosta / Vallée d'Aoste","STMRATE","tasso standardizzato di mortalità (per 10.000 abitanti)","9","totale","2019","2019",1.38,,
"ITC3","Liguria","STMRATE","tasso standardizzato di mortalità (per 10.000 abitanti)","1","maschi","2017","2017",0.74,,
"ITC3","Liguria","STMRATE","tasso standardizzato di mortalità (per 10.000 abitanti)","1","maschi","2018","2018",0.87,,
"ITC3","Liguria","STMRATE","tasso standardizzato di mortalità (per 10.000 abitanti)","1","maschi","2019","2019",0.73,,
"ITC3","Liguria","STMRATE","tasso standardizzato di mortalità (per 10.000 abitanti)","2","femmine","2017","2017",0.26,,
"ITC3","Liguria","STMRATE","tasso standardizzato di mortalità (per 10.000 abitanti)","2","femmine","2018","2018",0.25,,
"ITC3","Liguria","STMRATE","tasso standardizzato di mortalità (per 10.000 abitanti)","2","femmine","2019","2019",0.23,,
"ITC3","Liguria","STMRATE","tasso standardizzato di mortalità (per 10.000 abitanti)","9","totale","2017","2017",0.48,,
"ITC3","Liguria","STMRATE","tasso standardizzato di mortalità (per 10.000 abitanti)","9","totale","2018","2018",0.54,,
"ITC3","Liguria","STMRATE","tasso standardizzato di mortalità (per 10.000 abitanti)","9","totale","2019","2019",0.46,,
"ITC4","Lombardia","STMRATE","tasso standardizzato di mortalità (per 10.000 abitanti)","1","maschi","2017","2017",1.22,,
"ITC4","Lombardia","STMRATE","tasso standardizzato di mortalità (per 10.000 abitanti)","1","maschi","2018","2018",1.02,,
"ITC4","Lombardia","STMRATE","tasso standardizzato di mortalità (per 10.000 abitanti)","1","maschi","2019","2019",1.18,,
"ITC4","Lombardia","STMRATE","tasso standardizzato di mortalità (per 10.000 abitanti)","2","femmine","2017","2017",0.32,,
"ITC4","Lombardia","STMRATE","tasso standardizzato di mortalità (per 10.000 abitanti)","2","femmine","2018","2018",0.34,,
"ITC4","Lombardia","STMRATE","tasso standardizzato di mortalità (per 10.000 abitanti)","2","femmine","2019","2019",0.31,,
"ITC4","Lombardia","STMRATE","tasso standardizzato di mortalità (per 10.000 abitanti)","9","totale","2017","2017",0.75,,
"ITC4","Lombardia","STMRATE","tasso standardizzato di mortalità (per 10.000 abitanti)","9","totale","2018","2018",0.66,,
"ITC4","Lombardia","STMRATE","tasso standardizzato di mortalità (per 10.000 abitanti)","9","totale","2019","2019",0.72,,
"ITD","Nord-est","STMRATE","tasso standardizzato di mortalità (per 10.000 abitanti)","1","maschi","2017","2017",1.53,,
"ITD","Nord-est","STMRATE","tasso standardizzato di mortalità (per 10.000 abitanti)","1","maschi","2018","2018",1.4,,
"ITD","Nord-est","STMRATE","tasso standardizzato di mortalità (per 10.000 abitanti)","1","maschi","2019","2019",1.3,,
"ITD","Nord-est","STMRATE","tasso standardizzato di mortalità (per 10.000 abitanti)","2","femmine","2017","2017",0.38,,
"ITD","Nord-est","STMRATE","tasso standardizzato di mortalità (per 10.000 abitanti)","2","femmine","2018","2018",0.42,,
"ITD","Nord-est","STMRATE","tasso standardizzato di mortalità (per 10.000 abitanti)","2","femmine","2019","2019",0.38,,
"ITD","Nord-est","STMRATE","tasso standardizzato di mortalità (per 10.000 abitanti)","9","totale","2017","2017",0.91,,
"ITD","Nord-est","STMRATE","tasso standardizzato di mortalità (per 10.000 abitanti)","9","totale","2018","2018",0.88,,
"ITD","Nord-est","STMRATE","tasso standardizzato di mortalità (per 10.000 abitanti)","9","totale","2019","2019",0.81,,
"ITDA","Trentino Alto Adige / Südtirol","STMRATE","tasso standardizzato di mortalità (per 10.000 abitanti)","1","maschi","2017","2017",1.57,,
"ITDA","Trentino Alto Adige / Südtirol","STMRATE","tasso standardizzato di mortalità (per 10.000 abitanti)","1","maschi","2018","2018",1.42,,
"ITDA","Trentino Alto Adige / Südtirol","STMRATE","tasso standardizzato di mortalità (per 10.000 abitanti)","1","maschi","2019","2019",1.65,,
"ITDA","Trentino Alto Adige / Südtirol","STMRATE","tasso standardizzato di mortalità (per 10.000 abitanti)","2","femmine","2017","2017",0.43,,
"ITDA","Trentino Alto Adige / Südtirol","STMRATE","tasso standardizzato di mortalità (per 10.000 abitanti)","2","femmine","2018","2018",0.48,,
"ITDA","Trentino Alto Adige / Südtirol","STMRATE","tasso standardizzato di mortalità (per 10.000 abitanti)","2","femmine","2019","2019",0.44,,
"ITDA","Trentino Alto Adige / Südtirol","STMRATE","tasso standardizzato di mortalità (per 10.000 abitanti)","9","totale","2017","2017",0.96,,
"ITDA","Trentino Alto Adige / Südtirol","STMRATE","tasso standardizzato di mortalità (per 10.000 abitanti)","9","totale","2018","2018",0.92,,
"ITDA","Trentino Alto Adige / Südtirol","STMRATE","tasso standardizzato di mortalità (per 10.000 abitanti)","9","totale","2019","2019",1.03,,
"ITD10","Bolzano / Bozen","STMRATE","tasso standardizzato di mortalità (per 10.000 abitanti)","1","maschi","2017","2017",1.18,,
"ITD10","Bolzano / Bozen","STMRATE","tasso standardizzato di mortalità (per 10.000 abitanti)","1","maschi","2018","2018",1.29,,
"ITD10","Bolzano / Bozen","STMRATE","tasso standardizzato di mortalità (per 10.000 abitanti)","1","maschi","2019","2019",1.73,,
"ITD10","Bolzano / Bozen","STMRATE","tasso standardizzato di mortalità (per 10.000 abitanti)","2","femmine","2017","2017",0.36,,
"ITD10","Bolzano / Bozen","STMRATE","tasso standardizzato di mortalità (per 10.000 abitanti)","2","femmine","2018","2018",0.5,,
"ITD10","Bolzano / Bozen","STMRATE","tasso standardizzato di mortalità (per 10.000 abitanti)","2","femmine","2019","2019",0.55,,
"ITD10","Bolzano / Bozen","STMRATE","tasso standardizzato di mortalità (per 10.000 abitanti)","9","totale","2017","2017",0.74,,
"ITD10","Bolzano / Bozen","STMRATE","tasso standardizzato di mortalità (per 10.000 abitanti)","9","totale","2018","2018",0.87,,
"ITD10","Bolzano / Bozen","STMRATE","tasso standardizzato di mortalità (per 10.000 abitanti)","9","totale","2019","2019",1.12,,
"ITD20","Trento","STMRATE","tasso standardizzato di mortalità (per 10.000 abitanti)","1","maschi","2017","2017",1.94,,
"ITD20","Trento","STMRATE","tasso standardizzato di mortalità (per 10.000 abitanti)","1","maschi","2018","2018",1.53,,
"ITD20","Trento","STMRATE","tasso standardizzato di mortalità (per 10.000 abitanti)","1","maschi","2019","2019",1.56,,
"ITD20","Trento","STMRATE","tasso standardizzato di mortalità (per 10.000 abitanti)","2","femmine","2017","2017",0.5,,
"ITD20","Trento","STMRATE","tasso standardizzato di mortalità (per 10.000 abitanti)","2","femmine","2018","2018",0.46,,
"ITD20","Trento","STMRATE","tasso standardizzato di mortalità (per 10.000 abitanti)","2","femmine","2019","2019",0.35,,
"ITD20","Trento","STMRATE","tasso standardizzato di mortalità (per 10.000 abitanti)","9","totale","2017","2017",1.18,,
"ITD20","Trento","STMRATE","tasso standardizzato di mortalità (per 10.000 abitanti)","9","totale","2018","2018",0.96,,
"ITD20","Trento","STMRATE","tasso standardizzato di mortalità (per 10.000 abitanti)","9","totale","2019","2019",0.94,,
"ITD3","Veneto","STMRATE","tasso standardizzato di mortalità (per 10.000 abitanti)","1","maschi","2017","2017",1.32,,
"ITD3","Veneto","STMRATE","tasso standardizzato di mortalità (per 10.000 abitanti)","1","maschi","2018","2018",1.35,,
"ITD3","Veneto","STMRATE","tasso standardizzato di mortalità (per 10.000 abitanti)","1","maschi","2019","2019",1.17,,
"ITD3","Veneto","STMRATE","tasso standardizzato di mortalità (per 10.000 abitanti)","2","femmine","2017","2017",0.29,,
"ITD3","Veneto","STMRATE","tasso standardizzato di mortalità (per 10.000 abitanti)","2","femmine","2018","2018",0.36,,
"ITD3","Veneto","STMRATE","tasso standardizzato di mortalità (per 10.000 abitanti)","2","femmine","2019","2019",0.33,,
"ITD3","Veneto","STMRATE","tasso standardizzato di mortalità (per 10.000 abitanti)","9","totale","2017","2017",0.77,,
"ITD3","Veneto","STMRATE","tasso standardizzato di mortalità (per 10.000 abitanti)","9","totale","2018","2018",0.83,,
"ITD3","Veneto","STMRATE","tasso standardizzato di mortalità (per 10.000 abitanti)","9","totale","2019","2019",0.73,,
"ITD4","Friuli-Venezia Giulia","STMRATE","tasso standardizzato di mortalità (per 10.000 abitanti)","1","maschi","2017","2017",1.7,,
"ITD4","Friuli-Venezia Giulia","STMRATE","tasso standardizzato di mortalità (per 10.000 abitanti)","1","maschi","2018","2018",1.74,,
"ITD4","Friuli-Venezia Giulia","STMRATE","tasso standardizzato di mortalità (per 10.000 abitanti)","1","maschi","2019","2019",1.34,,
"ITD4","Friuli-Venezia Giulia","STMRATE","tasso standardizzato di mortalità (per 10.000 abitanti)","2","femmine","2017","2017",0.46,,
"ITD4","Friuli-Venezia Giulia","STMRATE","tasso standardizzato di mortalità (per 10.000 abitanti)","2","femmine","2018","2018",0.55,,
"ITD4","Friuli-Venezia Giulia","STMRATE","tasso standardizzato di mortalità (per 10.000 abitanti)","2","femmine","2019","2019",0.35,,
"ITD4","Friuli-Venezia Giulia","STMRATE","tasso standardizzato di mortalità (per 10.000 abitanti)","9","totale","2017","2017",1.07,,
"ITD4","Friuli-Venezia Giulia","STMRATE","tasso standardizzato di mortalità (per 10.000 abitanti)","9","totale","2018","2018",1.1,,
"ITD4","Friuli-Venezia Giulia","STMRATE","tasso standardizzato di mortalità (per 10.000 abitanti)","9","totale","2019","2019",0.8,,
"ITD5","Emilia-Romagna","STMRATE","tasso standardizzato di mortalità (per 10.000 abitanti)","1","maschi","2017","2017",1.7,,
"ITD5","Emilia-Romagna","STMRATE","tasso standardizzato di mortalità (per 10.000 abitanti)","1","maschi","2018","2018",1.35,,
"ITD5","Emilia-Romagna","STMRATE","tasso standardizzato di mortalità (per 10.000 abitanti)","1","maschi","2019","2019",1.35,,
"ITD5","Emilia-Romagna","STMRATE","tasso standardizzato di mortalità (per 10.000 abitanti)","2","femmine","2017","2017",0.44,,
"ITD5","Emilia-Romagna","STMRATE","tasso standardizzato di mortalità (per 10.000 abitanti)","2","femmine","2018","2018",0.42,,
"ITD5","Emilia-Romagna","STMRATE","tasso standardizzato di mortalità (per 10.000 abitanti)","2","femmine","2019","2019",0.42,,
"ITD5","Emilia-Romagna","STMRATE","tasso standardizzato di mortalità (per 10.000 abitanti)","9","totale","2017","2017",1.01,,
"ITD5","Emilia-Romagna","STMRATE","tasso standardizzato di mortalità (per 10.000 abitanti)","9","totale","2018","2018",0.84,,
"ITD5","Emilia-Romagna","STMRATE","tasso standardizzato di mortalità (per 10.000 abitanti)","9","totale","2019","2019",0.85,,
"ITE","Centro","STMRATE","tasso standardizzato di mortalità (per 10.000 abitanti)","1","maschi","2017","2017",1.17,,
"ITE","Centro","STMRATE","tasso standardizzato di mortalità (per 10.000 abitanti)","1","maschi","2018","2018",1.08,,
"ITE","Centro","STMRATE","tasso standardizzato di mortalità (per 10.000 abitanti)","1","maschi","2019","2019",1.06,,
"ITE","Centro","STMRATE","tasso standardizzato di mortalità (per 10.000 abitanti)","2","femmine","2017","2017",0.29,,
"ITE","Centro","STMRATE","tasso standardizzato di mortalità (per 10.000 abitanti)","2","femmine","2018","2018",0.29,,
"ITE","Centro","STMRATE","tasso standardizzato di mortalità (per 10.000 abitanti)","2","femmine","2019","2019",0.31,,
"ITE","Centro","STMRATE","tasso standardizzato di mortalità (per 10.000 abitanti)","9","totale","2017","2017",0.7,,
"ITE","Centro","STMRATE","tasso standardizzato di mortalità (per 10.000 abitanti)","9","totale","2018","2018",0.65,,
"ITE","Centro","STMRATE","tasso standardizzato di mortalità (per 10.000 abitanti)","9","totale","2019","2019",0.65,,
"ITE1","Toscana","STMRATE","tasso standardizzato di mortalità (per 10.000 abitanti)","1","maschi","2017","2017",1.45,,
"ITE1","Toscana","STMRATE","tasso standardizzato di mortalità (per 10.000 abitanti)","1","maschi","2018","2018",1.22,,
"ITE1","Toscana","STMRATE","tasso standardizzato di mortalità (per 10.000 abitanti)","1","maschi","2019","2019",1.24,,
"ITE1","Toscana","STMRATE","tasso standardizzato di mortalità (per 10.000 abitanti)","2","femmine","2017","2017",0.33,,
"ITE1","Toscana","STMRATE","tasso standardizzato di mortalità (per 10.000 abitanti)","2","femmine","2018","2018",0.31,,
"ITE1","Toscana","STMRATE","tasso standardizzato di mortalità (per 10.000 abitanti)","2","femmine","2019","2019",0.36,,
"ITE1","Toscana","STMRATE","tasso standardizzato di mortalità (per 10.000 abitanti)","9","totale","2017","2017",0.85,,
"ITE1","Toscana","STMRATE","tasso standardizzato di mortalità (per 10.000 abitanti)","9","totale","2018","2018",0.72,,
"ITE1","Toscana","STMRATE","tasso standardizzato di mortalità (per 10.000 abitanti)","9","totale","2019","2019",0.76,,
"ITE2","Umbria","STMRATE","tasso standardizzato di mortalità (per 10.000 abitanti)","1","maschi","2017","2017",1.58,,
"ITE2","Umbria","STMRATE","tasso standardizzato di mortalità (per 10.000 abitanti)","1","maschi","2018","2018",1.41,,
"ITE2","Umbria","STMRATE","tasso standardizzato di mortalità (per 10.000 abitanti)","1","maschi","2019","2019",1.12,,
"ITE2","Umbria","STMRATE","tasso standardizzato di mortalità (per 10.000 abitanti)","2","femmine","2017","2017",0.23,,
"ITE2","Umbria","STMRATE","tasso standardizzato di mortalità (per 10.000 abitanti)","2","femmine","2018","2018",0.43,,
"ITE2","Umbria","STMRATE","tasso standardizzato di mortalità (per 10.000 abitanti)","2","femmine","2019","2019",0.37,,
"ITE2","Umbria","STMRATE","tasso standardizzato di mortalità (per 10.000 abitanti)","9","totale","2017","2017",0.87,,
"ITE2","Umbria","STMRATE","tasso standardizzato di mortalità (per 10.000 abitanti)","9","totale","2018","2018",0.87,,
"ITE2","Umbria","STMRATE","tasso standardizzato di mortalità (per 10.000 abitanti)","9","totale","2019","2019",0.72,,
"ITE3","Marche","STMRATE","tasso standardizzato di mortalità (per 10.000 abitanti)","1","maschi","2017","2017",1.3,,
"ITE3","Marche","STMRATE","tasso standardizzato di mortalità (per 10.000 abitanti)","1","maschi","2018","2018",1.19,,
"ITE3","Marche","STMRATE","tasso standardizzato di mortalità (per 10.000 abitanti)","1","maschi","2019","2019",1.33,,
"ITE3","Marche","STMRATE","tasso standardizzato di mortalità (per 10.000 abitanti)","2","femmine","2017","2017",0.42,,
"ITE3","Marche","STMRATE","tasso standardizzato di mortalità (per 10.000 abitanti)","2","femmine","2018","2018",0.41,,
"ITE3","Marche","STMRATE","tasso standardizzato di mortalità (per 10.000 abitanti)","2","femmine","2019","2019",0.41,,
"ITE3","Marche","STMRATE","tasso standardizzato di mortalità (per 10.000 abitanti)","9","totale","2017","2017",0.82,,
"ITE3","Marche","STMRATE","tasso standardizzato di mortalità (per 10.000 abitanti)","9","totale","2018","2018",0.77,,
"ITE3","Marche","STMRATE","tasso standardizzato di mortalità (per 10.000 abitanti)","9","totale","2019","2019",0.84,,
"ITE4","Lazio","STMRATE","tasso standardizzato di mortalità (per 10.000 abitanti)","1","maschi","2017","2017",0.88,,
"ITE4","Lazio","STMRATE","tasso standardizzato di mortalità (per 10.000 abitanti)","1","maschi","2018","2018",0.9,,
"ITE4","Lazio","STMRATE","tasso standardizzato di mortalità (per 10.000 abitanti)","1","maschi","2019","2019",0.85,,
"ITE4","Lazio","STMRATE","tasso standardizzato di mortalità (per 10.000 abitanti)","2","femmine","2017","2017",0.24,,
"ITE4","Lazio","STMRATE","tasso standardizzato di mortalità (per 10.000 abitanti)","2","femmine","2018","2018",0.23,,
"ITE4","Lazio","STMRATE","tasso standardizzato di mortalità (per 10.000 abitanti)","2","femmine","2019","2019",0.24,,
"ITE4","Lazio","STMRATE","tasso standardizzato di mortalità (per 10.000 abitanti)","9","totale","2017","2017",0.53,,
"ITE4","Lazio","STMRATE","tasso standardizzato di mortalità (per 10.000 abitanti)","9","totale","2018","2018",0.54,,
"ITE4","Lazio","STMRATE","tasso standardizzato di mortalità (per 10.000 abitanti)","9","totale","2019","2019",0.53,,
"ITF","Sud","STMRATE","tasso standardizzato di mortalità (per 10.000 abitanti)","1","maschi","2017","2017",0.85,,
"ITF","Sud","STMRATE","tasso standardizzato di mortalità (per 10.000 abitanti)","1","maschi","2018","2018",0.86,,
"ITF","Sud","STMRATE","tasso standardizzato di mortalità (per 10.000 abitanti)","1","maschi","2019","2019",0.81,,
"ITF","Sud","STMRATE","tasso standardizzato di mortalità (per 10.000 abitanti)","2","femmine","2017","2017",0.22,,
"ITF","Sud","STMRATE","tasso standardizzato di mortalità (per 10.000 abitanti)","2","femmine","2018","2018",0.16,,
"ITF","Sud","STMRATE","tasso standardizzato di mortalità (per 10.000 abitanti)","2","femmine","2019","2019",0.18,,
"ITF","Sud","STMRATE","tasso standardizzato di mortalità (per 10.000 abitanti)","9","totale","2017","2017",0.51,,
"ITF","Sud","STMRATE","tasso standardizzato di mortalità (per 10.000 abitanti)","9","totale","2018","2018",0.49,,
"ITF","Sud","STMRATE","tasso standardizzato di mortalità (per 10.000 abitanti)","9","totale","2019","2019",0.48,,
"ITF1","Abruzzo","STMRATE","tasso standardizzato di mortalità (per 10.000 abitanti)","1","maschi","2017","2017",1.27,,
"ITF1","Abruzzo","STMRATE","tasso standardizzato di mortalità (per 10.000 abitanti)","1","maschi","2018","2018",0.97,,
"ITF1","Abruzzo","STMRATE","tasso standardizzato di mortalità (per 10.000 abitanti)","1","maschi","2019","2019",1.06,,
"ITF1","Abruzzo","STMRATE","tasso standardizzato di mortalità (per 10.000 abitanti)","2","femmine","2017","2017",0.28,,
"ITF1","Abruzzo","STMRATE","tasso standardizzato di mortalità (per 10.000 abitanti)","2","femmine","2018","2018",0.22,,
"ITF1","Abruzzo","STMRATE","tasso standardizzato di mortalità (per 10.000 abitanti)","2","femmine","2019","2019",0.26,,
"ITF1","Abruzzo","STMRATE","tasso standardizzato di mortalità (per 10.000 abitanti)","9","totale","2017","2017",0.76,,
"ITF1","Abruzzo","STMRATE","tasso standardizzato di mortalità (per 10.000 abitanti)","9","totale","2018","2018",0.57,,
"ITF1","Abruzzo","STMRATE","tasso standardizzato di mortalità (per 10.000 abitanti)","9","totale","2019","2019",0.65,,
"ITF2","Molise","STMRATE","tasso standardizzato di mortalità (per 10.000 abitanti)","1","maschi","2017","2017",1.31,,
"ITF2","Molise","STMRATE","tasso standardizzato di mortalità (per 10.000 abitanti)","1","maschi","2018","2018",1.2,,
"ITF2","Molise","STMRATE","tasso standardizzato di mortalità (per 10.000 abitanti)","1","maschi","2019","2019",1.31,,
"ITF2","Molise","STMRATE","tasso standardizzato di mortalità (per 10.000 abitanti)","2","femmine","2017","2017",0.29,,
"ITF2","Molise","STMRATE","tasso standardizzato di mortalità (per 10.000 abitanti)","2","femmine","2018","2018",0.42,,
"ITF2","Molise","STMRATE","tasso standardizzato di mortalità (per 10.000 abitanti)","2","femmine","2019","2019",0,,
"ITF2","Molise","STMRATE","tasso standardizzato di mortalità (per 10.000 abitanti)","9","totale","2017","2017",0.78,,
"ITF2","Molise","STMRATE","tasso standardizzato di mortalità (per 10.000 abitanti)","9","totale","2018","2018",0.78,,
"ITF2","Molise","STMRATE","tasso standardizzato di mortalità (per 10.000 abitanti)","9","totale","2019","2019",0.61,,
"ITF3","Campania","STMRATE","tasso standardizzato di mortalità (per 10.000 abitanti)","1","maschi","2017","2017",0.63,,
"ITF3","Campania","STMRATE","tasso standardizzato di mortalità (per 10.000 abitanti)","1","maschi","2018","2018",0.64,,
"ITF3","Campania","STMRATE","tasso standardizzato di mortalità (per 10.000 abitanti)","1","maschi","2019","2019",0.58,,
"ITF3","Campania","STMRATE","tasso standardizzato di mortalità (per 10.000 abitanti)","2","femmine","2017","2017",0.16,,
"ITF3","Campania","STMRATE","tasso standardizzato di mortalità (per 10.000 abitanti)","2","femmine","2018","2018",0.13,,
"ITF3","Campania","STMRATE","tasso standardizzato di mortalità (per 10.000 abitanti)","2","femmine","2019","2019",0.15,,
"ITF3","Campania","STMRATE","tasso standardizzato di mortalità (per 10.000 abitanti)","9","totale","2017","2017",0.38,,
"ITF3","Campania","STMRATE","tasso standardizzato di mortalità (per 10.000 abitanti)","9","totale","2018","2018",0.37,,
"ITF3","Campania","STMRATE","tasso standardizzato di mortalità (per 10.000 abitanti)","9","totale","2019","2019",0.35,,
"ITF4","Puglia","STMRATE","tasso standardizzato di mortalità (per 10.000 abitanti)","1","maschi","2017","2017",0.88,,
"ITF4","Puglia","STMRATE","tasso standardizzato di mortalità (per 10.000 abitanti)","1","maschi","2018","2018",1.04,,
"ITF4","Puglia","STMRATE","tasso standardizzato di mortalità (per 10.000 abitanti)","1","maschi","2019","2019",0.86,,
"ITF4","Puglia","STMRATE","tasso standardizzato di mortalità (per 10.000 abitanti)","2","femmine","2017","2017",0.25,,
"ITF4","Puglia","STMRATE","tasso standardizzato di mortalità (per 10.000 abitanti)","2","femmine","2018","2018",0.14,,
"ITF4","Puglia","STMRATE","tasso standardizzato di mortalità (per 10.000 abitanti)","2","femmine","2019","2019",0.2,,
"ITF4","Puglia","STMRATE","tasso standardizzato di mortalità (per 10.000 abitanti)","9","totale","2017","2017",0.54,,
"ITF4","Puglia","STMRATE","tasso standardizzato di mortalità (per 10.000 abitanti)","9","totale","2018","2018",0.57,,
"ITF4","Puglia","STMRATE","tasso standardizzato di mortalità (per 10.000 abitanti)","9","totale","2019","2019",0.52,,
"ITF5","Basilicata","STMRATE","tasso standardizzato di mortalità (per 10.000 abitanti)","1","maschi","2017","2017",1.31,,
"ITF5","Basilicata","STMRATE","tasso standardizzato di mortalità (per 10.000 abitanti)","1","maschi","2018","2018",1.36,,
"ITF5","Basilicata","STMRATE","tasso standardizzato di mortalità (per 10.000 abitanti)","1","maschi","2019","2019",1.39,,
"ITF5","Basilicata","STMRATE","tasso standardizzato di mortalità (per 10.000 abitanti)","2","femmine","2017","2017",0.29,,
"ITF5","Basilicata","STMRATE","tasso standardizzato di mortalità (per 10.000 abitanti)","2","femmine","2018","2018",0.3,,
"ITF5","Basilicata","STMRATE","tasso standardizzato di mortalità (per 10.000 abitanti)","2","femmine","2019","2019",0.3,,
"ITF5","Basilicata","STMRATE","tasso standardizzato di mortalità (per 10.000 abitanti)","9","totale","2017","2017",0.77,,
"ITF5","Basilicata","STMRATE","tasso standardizzato di mortalità (per 10.000 abitanti)","9","totale","2018","2018",0.8,,
"ITF5","Basilicata","STMRATE","tasso standardizzato di mortalità (per 10.000 abitanti)","9","totale","2019","2019",0.82,,
"ITF6","Calabria","STMRATE","tasso standardizzato di mortalità (per 10.000 abitanti)","1","maschi","2017","2017",0.87,,
"ITF6","Calabria","STMRATE","tasso standardizzato di mortalità (per 10.000 abitanti)","1","maschi","2018","2018",0.82,,
"ITF6","Calabria","STMRATE","tasso standardizzato di mortalità (per 10.000 abitanti)","1","maschi","2019","2019",0.93,,
"ITF6","Calabria","STMRATE","tasso standardizzato di mortalità (per 10.000 abitanti)","2","femmine","2017","2017",0.24,,
"ITF6","Calabria","STMRATE","tasso standardizzato di mortalità (per 10.000 abitanti)","2","femmine","2018","2018",0.15,,
"ITF6","Calabria","STMRATE","tasso standardizzato di mortalità (per 10.000 abitanti)","2","femmine","2019","2019",0.15,,
"ITF6","Calabria","STMRATE","tasso standardizzato di mortalità (per 10.000 abitanti)","9","totale","2017","2017",0.53,,
"ITF6","Calabria","STMRATE","tasso standardizzato di mortalità (per 10.000 abitanti)","9","totale","2018","2018",0.47,,
"ITF6","Calabria","STMRATE","tasso standardizzato di mortalità (per 10.000 abitanti)","9","totale","2019","2019",0.52,,
"ITG","Isole","STMRATE","tasso standardizzato di mortalità (per 10.000 abitanti)","1","maschi","2017","2017",1.19,,
"ITG","Isole","STMRATE","tasso standardizzato di mortalità (per 10.000 abitanti)","1","maschi","2018","2018",1.04,,
"ITG","Isole","STMRATE","tasso standardizzato di mortalità (per 10.000 abitanti)","1","maschi","2019","2019",1.22,,
"ITG","Isole","STMRATE","tasso standardizzato di mortalità (per 10.000 abitanti)","2","femmine","2017","2017",0.23,,
"ITG","Isole","STMRATE","tasso standardizzato di mortalità (per 10.000 abitanti)","2","femmine","2018","2018",0.27,,
"ITG","Isole","STMRATE","tasso standardizzato di mortalità (per 10.000 abitanti)","2","femmine","2019","2019",0.23,,
"ITG","Isole","STMRATE","tasso standardizzato di mortalità (per 10.000 abitanti)","9","totale","2017","2017",0.68,,
"ITG","Isole","STMRATE","tasso standardizzato di mortalità (per 10.000 abitanti)","9","totale","2018","2018",0.64,,
"ITG","Isole","STMRATE","tasso standardizzato di mortalità (per 10.000 abitanti)","9","totale","2019","2019",0.7,,
"ITG1","Sicilia","STMRATE","tasso standardizzato di mortalità (per 10.000 abitanti)","1","maschi","2017","2017",0.94,,
"ITG1","Sicilia","STMRATE","tasso standardizzato di mortalità (per 10.000 abitanti)","1","maschi","2018","2018",0.84,,
"ITG1","Sicilia","STMRATE","tasso standardizzato di mortalità (per 10.000 abitanti)","1","maschi","2019","2019",1.04,,
"ITG1","Sicilia","STMRATE","tasso standardizzato di mortalità (per 10.000 abitanti)","2","femmine","2017","2017",0.19,,
"ITG1","Sicilia","STMRATE","tasso standardizzato di mortalità (per 10.000 abitanti)","2","femmine","2018","2018",0.21,,
"ITG1","Sicilia","STMRATE","tasso standardizzato di mortalità (per 10.000 abitanti)","2","femmine","2019","2019",0.21,,
"ITG1","Sicilia","STMRATE","tasso standardizzato di mortalità (per 10.000 abitanti)","9","totale","2017","2017",0.54,,
"ITG1","Sicilia","STMRATE","tasso standardizzato di mortalità (per 10.000 abitanti)","9","totale","2018","2018",0.51,,
"ITG1","Sicilia","STMRATE","tasso standardizzato di mortalità (per 10.000 abitanti)","9","totale","2019","2019",0.59,,
"ITG2","Sardegna","STMRATE","tasso standardizzato di mortalità (per 10.000 abitanti)","1","maschi","2017","2017",1.93,,
"ITG2","Sardegna","STMRATE","tasso standardizzato di mortalità (per 10.000 abitanti)","1","maschi","2018","2018",1.61,,
"ITG2","Sardegna","STMRATE","tasso standardizzato di mortalità (per 10.000 abitanti)","1","maschi","2019","2019",1.77,,
"ITG2","Sardegna","STMRATE","tasso standardizzato di mortalità (per 10.000 abitanti)","2","femmine","2017","2017",0.35,,
"ITG2","Sardegna","STMRATE","tasso standardizzato di mortalità (per 10.000 abitanti)","2","femmine","2018","2018",0.45,,
"ITG2","Sardegna","STMRATE","tasso standardizzato di mortalità (per 10.000 abitanti)","2","femmine","2019","2019",0.3,,
"ITG2","Sardegna","STMRATE","tasso standardizzato di mortalità (per 10.000 abitanti)","9","totale","2017","2017",1.11,,
"ITG2","Sardegna","STMRATE","tasso standardizzato di mortalità (per 10.000 abitanti)","9","totale","2018","2018",0.99,,
"ITG2","Sardegna","STMRATE","tasso standardizzato di mortalità (per 10.000 abitanti)","9","totale","2019","2019",1,,
